Title,URL
Quantum Arms Race,https://topdocumentaryfilms.com/quantum-arms-race/
Project Mercury,https://topdocumentaryfilms.com/project-mercury/
The Dark Side of Algorithms,https://topdocumentaryfilms.com/dark-side-algorithms/
Artificial Immortality,https://topdocumentaryfilms.com/artificial-immortality/
The Great Toilet Battle,https://topdocumentaryfilms.com/great-toilet-battle/
The Story of Super Mario World,https://topdocumentaryfilms.com/story-super-mario-world/
The Rise of Big Tech,https://topdocumentaryfilms.com/rise-big-tech/
Hunting For a Lost Russian Satellite in Canada,https://topdocumentaryfilms.com/hunting-lost-russian-satellite-canada/
The Internet of Everything,https://topdocumentaryfilms.com/internet-everything/
Valley of Hype: The Culture that Built Elizabeth Holmes,https://topdocumentaryfilms.com/valley-hype-culture-built-elizabeth-holmes/
The Insane Truth About Tiktok,https://topdocumentaryfilms.com/insane-truth-tiktok/
China: Surveillance State or Way of the Future?,https://topdocumentaryfilms.com/china-surveillance-state-way-future/
Earth's Most Wanted Hacker,https://topdocumentaryfilms.com/earths-most-wanted-hacker/
WANNACRY: Earth's Deadliest [Computer] Virus,https://topdocumentaryfilms.com/wannacry-earths-deadliest-computer-virus/
MY.DOOM: Earth's Deadliest [Computer] Virus,https://topdocumentaryfilms.com/my-doom-earths-deadliest-computer-virus/
Margin of Error,https://topdocumentaryfilms.com/margin-error/
The Rise of SpaceX,https://topdocumentaryfilms.com/rise-spacex/
Screen Generation,https://topdocumentaryfilms.com/screen-generation/
Asteroids: A New El Dorado in Space?,https://topdocumentaryfilms.com/asteroids-new-el-dorado-space/
The Spy in Your Phone,https://topdocumentaryfilms.com/spy-your-phone/
The Rise of AI,https://topdocumentaryfilms.com/canada-rise-artificial-intelligence/
Boeing: Deadly Assumptions,https://topdocumentaryfilms.com/boeing-deadly-assumptions/
High-speed Internet from Outer Space,https://topdocumentaryfilms.com/high-speed-internet-outer-space/
The Age of AI,https://topdocumentaryfilms.com/age-artificial-intelligence/
Printing Out the World,https://topdocumentaryfilms.com/printing-out-world/
The Big Reset 2.0,https://topdocumentaryfilms.com/big-reset-2/
AlphaGo,https://topdocumentaryfilms.com/alphago/
Charlie and the Humans,https://topdocumentaryfilms.com/charlie-humans/
Into the Unknown,https://topdocumentaryfilms.com/into-unknown/
Space Shuttle: The Human Time Bomb,https://topdocumentaryfilms.com/space-shuttle-human-time-bomb/
The Great Leap Forward,https://topdocumentaryfilms.com/great-leap-forward/
Qantas Flight 72,https://topdocumentaryfilms.com/qantas-flight-72/
Apollo's New Moon,https://topdocumentaryfilms.com/apollo-new-moon/
Machine Learning: Living in the Age of AI,https://topdocumentaryfilms.com/machine-learning-living-age-ai/
Omnipotent Amazon,https://topdocumentaryfilms.com/omnipotent-amazon/
A Charged Business: The Future of Electric Transport,https://topdocumentaryfilms.com/charged-business-future-electric-transport/
Plugged In : The True Toxicity of Social Media Revealed,https://topdocumentaryfilms.com/plugged-in-true-toxicity-social-media-revealed/
Nothing to Hide,https://topdocumentaryfilms.com/nothing-hide/
TempleOS,https://topdocumentaryfilms.com/templeos/
The Story of Tetris,https://topdocumentaryfilms.com/story-tetris/
Slave to the Algorithm,https://topdocumentaryfilms.com/slave-algorithm/
Bitcoin: Beyond the Bubble,https://topdocumentaryfilms.com/bitcoin-beyond-bubble/
"Humans, Gods and Technology",https://topdocumentaryfilms.com/humans-gods-technology/
Stare Into the Lights My Pretties,https://topdocumentaryfilms.com/stare-into-lights-my-pretties/
The Bitcoin Psyop,https://topdocumentaryfilms.com/bitcoin-psyop/
Interstellar Empires,https://topdocumentaryfilms.com/interstellar-empires/
Making the Future,https://topdocumentaryfilms.com/making-future/
Big Data: The Shell Investigation,https://topdocumentaryfilms.com/big-data-shell-investigation/
"YouTube, YouTubers and You",https://topdocumentaryfilms.com/youtube-youtubers-you/
A Future of Abundance,https://topdocumentaryfilms.com/future-abundance/
Samurai Sword: Making of a Legend,https://topdocumentaryfilms.com/samurai-sword-making-legend/
The World's Future Megaprojects,https://topdocumentaryfilms.com/world-future-megaprojects/
Bye Bye Car,https://topdocumentaryfilms.com/bye-bye-car/
World's Smart Cities: San Diego,https://topdocumentaryfilms.com/worlds-smart-cities-san-diego/
The Bureau of Digital Sabotage,https://topdocumentaryfilms.com/bureau-digital-sabotage/
Space Invaders,https://topdocumentaryfilms.com/space-invaders/
