Title,Rating
Zero: An Investigation into 9/11,8.69
The Great Conspiracy,8.69
9/11 and the Belligerent Empire,8.56
9/11 Explosive Evidence: Experts Speak Out,8.56
September 11: The New Pearl Harbor,8.54
9/11 Trillions: Follow The Money,8.51
9/11 War Games,8.48
The Anatomy of a Great Deception,8.45
Skygate 911,8.42
9/11: Decade of Deception,8.39
9/11: Press For Truth,8.31
9/11 Conspiracy Solved,8.29
9/11: Missing Links,8.22
9/11: Intercepted,8.17
9/11 Mysteries,8.11
Core of Corruption: In the Shadows,7.94
9/11 Exposed,7.93
Towers of Deception: The Media Cover-Up of 9/11,7.88
In Their Own Words: The Untold Stories of the 9/11 Families,7.73
Loose Change 9/11: An American Coup,7.65
9/11: The Falling Man,7.5
September Clues,7.29
Loose Change,7.14
Tania Head: The 9/11 Faker,6.75
102 Minutes That Changed America,6.08
Fahrenheit 9/11,5.85
George W. Bush: The 9/11 Interview,5.52
Inside 9/11,5.26
The 9/11 Conspiracies: Fact or Fiction,4.95
