Title,Seen,Random
[Oshi no Ko],,Nodame Cantabile
[Oshi no Ko] 2nd Season,,
∀ Gundam,,
3-gatsu no Lion,,
3-gatsu no Lion 2,,
30-sai made Doutei da to Mahou Tsukai ni Nareru Rashii,,
3D2Y,,
86: Eighty Six,,
86: Eighty Six Part 2,,
91Days,,
ACCA: 13-ku Kansatsu-ka,,
Aggressive Retsuko Season 2,,
Aggressive Retsuko Season 3,,
Ahoy!! Warera Houshou Kaizoku-dan☆,,
Ai,,
Ai no Utagoe wo Kikasete,,
Aikatsu Stars!,,
Aikatsu Stars! Hoshi no Tsubasa,,
Aikatsu!,,
Aikatsu! 10th STORY: Mirai e no STARWAY (2023),,
Aikatsu! 2,,
Aikatsu! 3,,
Aikatsu! 4,,
Aikatsu! Movie,,
Aishang Ta De Liyou,,
Akagami no Shirayuki-hime,,
Akagami no Shirayuki-hime 2nd Season,,
"Akagami no Shirayuki-hime: Nandemonai Takaramono, Kono Page",,
Akage no Anne,,
Akatsuki no Yona,,
Akatsuki no Yona OVA,,
Akebi-chan no Sailor Fuku,,
AKIRA,,
Akudama Drive,,
"Ame wo Matsu,",,
Angel Beats!,,
Ani ni Tsukeru Kusuri wa Nai! 2,,
Ano Hi Mita Hana no Namae wo Bokutachi wa Mada Shiranai.,,
Ano Hi Mita Hana no Namae wo Bokutachi wa Mada Shiranai. Movie,,
Ansatsu Kyoushitsu,,
Ansatsu Kyoushitsu 2,,
Ao Haru Ride PAGE.13,,
Ao no Exorcist: Yosuga-hen,,
Ao no Hako,,
Aoashi,,
Aoki Hagane no Arpeggio: Ars Nova - Cadenza,,
Arakawa Under the Bridge x Bridge,,
ARIA The ANIMATION,,
ARIA The AVVENIRE,,
ARIA The BENEDIZIONE,,
ARIA The CREPUSCOLO,,
ARIA The NATURAL,,
ARIA The ORIGINATION,,
ARIA The ORIGINATION: Sono Choppiri Himitsu no Basho ni...,,
ARIA The OVA: ARIETTA,,
Arknights: 2024 Tebie Jinian Donghua,,
Asagao to Kase-san.,,
Ashita no Joe,,
Ashita no Joe 2,,
Asobi Asobase,,
Atarashii Joushi wa Dotennen,,
Azumanga Daiou THE ANIMATION,,
Baby Steps,,
Baby Steps 2,,
Baccano!,,
Baccano! Specials,,
Bakemono no Ko,,
Bakemonogatari,,
Baki: Dai Raitaisai-hen,,
Bakuman.,,
Bakuman. 2,,
Bakuman. 3,,
Bakuten!! Movie,,
Ballroom e Youkoso,,
BANANA FISH,,
BanG Dream! 3rd Season,,
BanG Dream! Ave Mujica,,
BanG Dream! Episode of Roselia I: Yakusoku,,
BanG Dream! Episode of Roselia II: Song I am.,,
BanG Dream! FILM LIVE 2nd Stage,,
BanG Dream! Garupa☆Pico,,
BanG Dream! Garupa☆Pico Fever!,,
BanG Dream! Garupa☆Pico: Oomori,,
BanG Dream! Girls Band Party!: 5th Anniversary Animation - CiRCLE THANKS PARTY!,,
BanG Dream! It's MyGO!!!!!,,
BanG Dream! Poppin' Dream!,,
Barakamon,,
BEASTARS,,
BEASTARS 2,,
BEASTARS FINAL SEASON Part 1,,
BECK,,
Beelzebub,,
Benghuai: Xingqiong Tiedao - Donghua Duanpian Yong Jie Lun Wu,,
Benghuai: Xingqiong Tiedao - Fei Guang,,
Benghuai: Xingqiong Tiedao - Xuanhuang,,
Berserk: Ougon Jidai-hen - MEMORIAL EDITION,,
Berserk: Ougon Jidai-hen II - Doldrey Kouryaku,,
Berserk: Ougon Jidai-hen III - Kourin,,
BIBBIDIBA,,
BIRDIE WING: Golf Girls' Story Season 2,,
Bishoujo Senshi Sailor Moon,,
Bishoujo Senshi Sailor Moon R,,
Bishoujo Senshi Sailor Moon S,,
Bishoujo Senshi Sailor Moon: Cosmos - Kouhen,,
Bishoujo Senshi Sailor Moon: Cosmos - Zenpen,,
Bishoujo Senshi Sailor Moon: Crystal - Death Busters-hen,,
Bishoujo Senshi Sailor Moon: Eternal - Kouhen,,
Bishoujo Senshi Sailor Moon: Sailor Stars,,
Black Clover,,
Black Clover: Mahou Tei no Ken,,
Black Jack,,
BLACK LAGOON,,
BLACK LAGOON: Roberta's Blood Trail,,
BLACK LAGOON: The Second Barrage,,
BLEACH,,
BLEACH 20th PV,,
BLEACH: Sennen Kessen-hen,,
BLEACH: Sennen Kessen-hen - Ketsubetsu-tan,,
BLEACH: Sennen Kessen-hen - Soukoku-tan,,
BLUE GIANT,,
Blue Lock,,
Blue Lock VS. U-20 JAPAN,,
Blue Period,,
Bocchi the Rock!,,
Bocchi the Rock! Re:,,
Bocchi the Rock! Re:Re:,,
Boku dake ga Inai Machi,,
Boku no Hero Academia,,
Boku no Hero Academia 2,,
Boku no Hero Academia 3,,
Boku no Hero Academia 4,,
Boku no Hero Academia 6,,
Boku no Hero Academia 7,,
Boku no Hero Academia THE MOVIE: Heroes:Rising,,
Boku no Hero Academia THE MOVIE: World Heroes' Mission,,
Boku no Hero Academia THE MOVIE: YOU'RE NEXT,,
Boku no Kokoro no Yabai Yatsu,,
Boku no Kokoro no Yabai Yatsu 2nd Season,,
Boku no Kokoro no Yabai Yatsu: Twi-Yaba,,
Break Blade 4: Sanka no Chi,,
Break Blade 5: Shisen no Hate,,
Buddy Daddies,,
Bungou Stray Dogs,,
Bungou Stray Dogs 2nd Season,,
Bungou Stray Dogs 3rd Season,,
Bungou Stray Dogs 4th Season,,
Bungou Stray Dogs 5th Season,,
Bungou Stray Dogs Wan!,,
Bungou Stray Dogs: DEAD APPLE,,
Bungou Stray Dogs: Hitori Ayumu,,
capeta,,
Cardcaptor Sakura,,
Cardcaptor Sakura Movie: Fuinsareta Card,,
Carnival Phantasm,,
Carole & Tuesday,,
Chainsaw Man,,
Change!! Getter Robo: Sekai Saigo no Hi,,
Charlotte,,
Chi. Chikyuu no Undou ni Tsuite,,
Chihayafuru,,
Chihayafuru 2,,
Chihayafuru 3,,
Chiikawa,,
Chiyu Mahou no Machigatta Tsukaikata,,
Choujikuu Yousai Macross,,
Choujikuu Yousai Macross: Ai Oboete Imasu ka,,
Chuan Shu Zijiu Zhinan,,
Chuunibyou demo Koi ga Shitai!,,
Chuunibyou demo Koi ga Shitai!: Take On Me,,
Cike Wu Liuqi,,
Cike Wu Liuqi Fanwai,,
City Hunter,,
City Hunter '91,,
City Hunter 2,,
City Hunter 3,,
CLANNAD,,
CLANNAD: After Story,,
"CLANNAD: Mou Hitotsu no Sekai, Tomoyo-hen",,
Code Geass: Fukkatsu no Lelouch,,
Code Geass: Hangyaku no Lelouch,,
Code Geass: Hangyaku no Lelouch I - Koudou,,
Code Geass: Hangyaku no Lelouch III - Oudou,,
Code Geass: Hangyaku no Lelouch R2,,
Colorful,,
Cool Doji Danshi,,
Coquelicot-zaka kara,,
Cowboy Bebop,,
Cowboy Bebop: Tengoku no Tobira,,
Crayon Shin-chan,,
Crayon Shin-chan: Arashi wo Yobu Mouretsu! Otona Teikoku no Gyakushuu,,
Cross Game,,
Cyberpunk: Edgerunners,,
D.Gray-man,,
D4DJ First Mix,,
DAICON IV Opening Animation,,
Dance Dance Danseur,,
Dandadan,,
Danshi Koukousei no Nichijou,,
Danshi Koukousei no Nichijou Specials,,
Dark Gathering,,
DARKER THAN BLACK: Kuro no Keiyakusha,,
DARKER THAN BLACK: Kuro no Keiyakusha - Gaiden,,
Date A Live II: Kurumi Star Festival,,
Date A Live IV,,
Date A Live V,,
Dead Dead Demon's Dededededestruction,,
Death Billiards,,
DEATH NOTE,,
Death Parade,,
Dekiru Neko wa Kyou mo Yuuutsu,,
Dennou Coil,,
Detroit Metal City,,
DEVILMAN crybaby,,
Diamond no Ace,,
Diamond no Ace act II,,
Diamond no Ace: Second Season,,
Digimon Adventure,,
Digimon Adventure: Bokura no War Game!,,
Digimon Adventure: LAST EVOLUTION Kizuna,,
Digimon Tamers,,
Doraemon (1979),,
Doraemon (2005),,
Doraemon: Shin Nobita to Tetsujin Heidan - Habatake Tenshi-tachi,,
Dorohedoro,,
Dororo,,
Dou Po Cangqiong 3,,
Dou Po Cangqiong 4,,
Dou Po Cangqiong: Nian Fan,,
Dou Po Cangqiong: Nian Fan 2,,
Dou Po Cangqiong: Nian Fan 3,,
Dou Po Cangqiong: San Nian Zhi Yue,,
"Doukyonin wa Hiza, Tokidoki, Atama no Ue.",,
Doukyuusei,,
Douluo Dalu,,
Douluo Dalu 2: Jueshi Tangmen,,
Douluo Dalu: Ayin Fuhuo,,
Douluo Dalu: Benfu Qianxian,,
Douluo Dalu: Chongfan Haotian,,
Douluo Dalu: Di Ying Laixi,,
Douluo Dalu: Feng Qi Tangmen,,
Douluo Dalu: Fenghuo Buxi,,
Douluo Dalu: Gui Zong Zhi Lu,,
Douluo Dalu: Haishen Chuancheng,,
Douluo Dalu: Haishen Zhi Guang,,
Douluo Dalu: Hanhai Qiankun,,
Douluo Dalu: Haotian Yang Wei,,
Douluo Dalu: Jingying Sai,,
Douluo Dalu: Nu Shi Ao Zhan,,
Douluo Dalu: Nu Shi Mo Zhan,,
Douluo Dalu: Qi Qing Kaoyan,,
Douluo Dalu: Qian Hua Xi Jin,,
Douluo Dalu: Senlin Shou Ying,,
Douluo Dalu: Shan Yu Yu Lai,,
Douluo Dalu: Shenhai Mojing,,
Douluo Dalu: Shuang Shen Zhi Zhan,,
Douluo Dalu: Tang Men Jueding,,
Douluo Dalu: Tang Sancheng Shen,,
Douluo Dalu: Wan Xian Geng Xin,,
Douluo Dalu: Xiaowu Fuhuo,,
Douluo Dalu: Xiaowu Juebie,,
Douluo Dalu: Xingdou Xianji,,
Douluo Dalu: Zhan Gu Zan Yie,,
Dr. STONE,,
Dr. STONE: NEW WORLD,,
Dr. STONE: NEW WORLD Part 2,,
Dr. STONE: Ryuusui,,
Dr. STONE: SCIENCE FUTURE,,
Dr. STONE: STONE WARS,,
Dragon Ball,,
Dragon Ball DAIMA,,
Dragon Ball Kai,,
Dragon Ball Kai (2014),,
Dragon Ball Super: Broly,,
Dragon Ball Super: Super Hero,,
Dragon Ball Z,,
Dragon Ball Z: Zetsubou e no Hankou!! Nokosareta Chousenshi - Gohan to Trunks,,
Dramaturgy,,
DRIFTERS,,
Dungeon Meshi,,
Dungeon ni Deai wo Motomeru no wa Machigatteiru Darou ka IV: Shin Shou Meikyuu-hen,,
Dungeon ni Deai wo Motomeru no wa Machigatteiru Darou ka IV: Shin Shou Yakusai-hen,,
Dungeon ni Deai wo Motomeru no wa Machigatteiru Darou ka V: Houjou no Megami-hen,,
Durarara!!,,
Durarara!! Specials,,
Durarara!!x2 Ketsu,,
Durarara!!x2 Shou,,
Durarara!!x2 Ten,,
ef: a tale of melodies.,,
ef: a tale of memories.,,
Eiga Daisuki Pompo-san,,
Eikoku Koi Monogatari Emma: Molders-hen,,
Eizouken ni wa Te wo Dasu na!,,
Emiya-san Chi no Kyou no Gohan,,
Enen no Shouboutai,,
Enen no Shouboutai: Ni no Shou,,
Enen no Shouboutai: San no Shou,,
Ergo Proxy,,
Evangelion Shin Movie: Ha,,
Evangelion Shin Movie: Jo,,
Evangelion Shin Movie: Kyuu,,
Eve no Jikan Movie,,
Eve no Jikan: Are you enjoying the time of EVE?,,
Eyeshield 21,,
FAIRY TAIL (2018),,
FAIRY TAIL: 100 YEARS QUEST,,
Fate/Grand Carnival,,
Fate/Grand Order: Memorial Movie 2023,,
Fate/Grand Order: Shinsei Entaku Ryouiki Camelot - Paladin; Agateram,,
Fate/Grand Order: Shuukyoku Tokuiten - Kani Jikan Shinden Solomon,,
Fate/Grand Order: Zettai Majuu Sensen Babylonia,,
Fate/kaleid liner Prisma☆Illya: Sekka no Chikai,,
Fate/stay night [Heaven's Feel] I. presage flower,,
Fate/stay night [Heaven's Feel] II. lost butterfly,,
Fate/stay night [Heaven's Feel] III. spring song,,
Fate/stay night: Unlimited Blade Works,,
Fate/stay night: Unlimited Blade Works 2nd Season,,
Fate/strange Fake: Whispers of Dawn,,
Fate/Zero,,
Fate/Zero 2nd Season,,
Fight Song,,
FLCL,,
Flip Flappers,,
Free!: Dive to the Future,,
Free!: Eternal Summer - Kindan no All Hard!,,
Free!: Road to the World - Yume,,
Free!: Take Your Marks,,
Free!: the Final Stroke - Kouhen,,
Free!: the Final Stroke - Zenpen,,
Fruits Basket: 1st Season,,
Fruits Basket: 2nd Season,,
Fruits Basket: prelude,,
Fruits Basket: The Final,,
Full Metal Panic! The Second Raid,,
Full Metal Panic? Fumoffu,,
Full Moon wo Sagashite,,
Fumetsu no Anata e,,
Fumetsu no Anata e Season 2,,
Fune wo Amu,,
"Fuufu Ijou, Koibito Miman.",,
Gabriel Dropout Specials,,
Gake no Ue no Ponyo,,
Gakuen Babysitters,,
Gakuen Babysitters OVA,,
Gankutsuou,,
"GATE: Jieitai Kanochi nite, Kaku Tatakaeri 2",,
Gekkan Shoujo Nozaki-kun,,
Gekkan Shoujo Nozaki-kun Mini OVA,,
Genshiken 2,,
GHOST,,
GHOST IN THE SHELL: Koukaku Kidoutai,,
GHOST IN THE SHELL: Koukaku Kidoutai 2.0,,
Giant Robo THE ANIMATION: Chikyuu ga Seishi Suru Hi,,
Giji Harem,,
Gin no Saji,,
Gin no Saji 2,,
Ginga Eiyuu Densetsu,,
Ginga Eiyuu Densetsu Gaiden: Rasen Meikyuu,,
"Ginga Eiyuu Densetsu Gaiden: Senoku no Hoshi, Senoku no Hikari",,
Ginga Eiyuu Densetsu: Arata Naru Tatakai no Overture,,
Ginga Eiyuu Densetsu: Die Neue These - Gekitotsu,,
Ginga Eiyuu Densetsu: Die Neue These - Sakubou,,
Ginga Eiyuu Densetsu: Die Neue These - Seiran,,
Ginga Eiyuu Densetsu: Waga Yuku wa Hoshi no Taikai,,
Ginga Tetsudou 999,,
Gintama,,
Gintama: Dai Hanseikai,,
Gintama: Jump Festa 2005 Special,,
Gintama: Jump Festa 2008 Special,,
Gintama: Jump Festa 2015 Special,,
Gintama: Kanketsu-hen - Yorozuya yo Eien Nare,,
Gintama: Shinyaku Benizakura-hen,,
Gintama: Shinyaku Benizakura-hen Special,,
Gintama: THE FINAL,,
Gintama: THE SEMI-FINAL,,
Gintama: Yorinuki Gintama-san on Theater 2D,,
Gintama.,,
Gintama.: Porori-hen,,
Gintama.: Shirogane no Tamashii-hen,,
Gintama.: Shirogane no Tamashii-hen - Kouhan-sen,,
Gintama',,
Gintama': Enchousen,,
Gintama': Futon ni Haitte kara Buki Nokoshi ni Kizuite Neru ni Nerenai Toki mo Aru,,
Gintama°,,
Gintamaº: Aizome Kaori-hen,,
GIRLS BAND CRY,,
Girls und Panzer Movie,,
Girls und Panzer: Kore ga Hontou no Anzio-sen Desu!,,
Girls und Panzer: Saishuushou 1,,
Girls und Panzer: Saishuushou 2,,
Girls und Panzer: Saishuushou 3,,
Girls und Panzer: Saishuushou 4,,
Given,,
Given Movie,,
Given: Hiiragi mix,,
Given: Umi e,,
Given: Uragawa no Sonzai,,
Glass no Kamen (2005),,
Go-toubun no Hanayome,,
Go-toubun no Hanayome *,,
Go-toubun no Hanayome ∬,,
Go-toubun no Hanayome Movie,,
Go-toubun no Hanayome∽,,
Go! Princess Precure,,
Gochuumon wa Usagi desu ka? BLOOM,,
Gochuumon wa Usagi desu ka??,,
Gochuumon wa Usagi desu ka?? Dear My Sister,,
Gochuumon wa Usagi desu ka?? Sing For You,,
Gokinjo Monogatari,,
Goku Sayonara Zetsubou Sensei,,
Gokushufudou Season 2,,
GOLDEN BOY: Sasurai no Obenkyou Yarou,,
Golden Kamuy,,
Golden Kamuy 2nd Season,,
Golden Kamuy 3rd Season,,
Golden Kamuy 4th Season,,
Golden Time,,
GOSICK,,
GOTCHA!,,
Grand Blue,,
GREAT PRETENDER,,
GRIDMAN UNIVERSE,,
Grisaia no Meikyuu,,
Grisaia no Rakuen,,
GTO,,
Gundam Build Fighters,,
Gungrave,,
Gyakkou,,
Gyakkyou Burai Kaiji: Hakairoku-hen,,
Gyakkyou Burai Kaiji: Ultimate Survivor,,
Hachimitsu to Clover,,
Hachimitsu to Clover II,,
Hagane no Renkinjutsushi,,
Hagane no Renkinjutsushi: FULLMETAL ALCHEMIST,,
Hagane no Renkinjutsushi: FULLMETAL ALCHEMIST Mihousou Episode,,
Haibane Renmei,,
Haikyuu!!,,
Haikyuu!! 2nd Season,,
Haikyuu!! Riku VS Kuu,,
Haikyuu!! TO THE TOP,,
Haikyuu!! TO THE TOP 2,,
Haikyuu!!: Concept no Tatakai,,
Haikyuu!!: Gomi Suteba no Kessen,,
Haikyuu!!: Karasuno Koukou VS Shiratorizawa Gakuen Koukou,,
Haikyuu!!: Lev Kenzan!,,
Haikyuu!!: Owari to Hajimari,,
Haikyuu!!: Sainou to Sense,,
Haikyuu!!: Shousha to Haisha,,
Haikyuu!!: VS Akaten,,
Hajime no Ippo: Champion Road,,
Hajime no Ippo: Mashiba vs Kimura - Shikei Shikkou,,
Hajime no Ippo: New Challenger,,
Hajime no Ippo: Rising,,
Hajime no Ippo: THE FIGHTING!,,
Hajime no Ippo: THE FIGHTING! Boxer no Kobushi,,
Hanada Shounen-shi,,
Hanamonogatari,,
Hanasaku Iroha,,
Hanasaku Iroha: HOME SWEET HOME,,
Hanma Baki,,
Hanma Baki Season 2,,
Hataraku Maou-sama!,,
Heartcatch Precure!,,
Heartcatch Precure! Hana no Miyako de Fashion Show... Desu ka!?,,
Heike Monogatari,,
Heikousen,,
HELLSING OVA,,
Hi Score Girl,,
Hi Score Girl II,,
Hi Score Girl: EXTRA STAGE,,
Hibike! Euphonium,,
Hibike! Euphonium 2,,
Hibike! Euphonium 3,,
Hibike! Euphonium: Chikai no Finale,,
Hibike! Euphonium: Todoketai Melody,,
Hidamari Sketch x ☆☆☆,,
Hidamari Sketch x ☆☆☆ Specials,,
Hidamari Sketch x 365,,
Hidamari Sketch x 365 Specials,,
Hidamari Sketch x Honeycomb,,
Hidamari Sketch x SP,,
Hidamari Sketch: Sae Hiro Sotsugyou-hen,,
High☆Speed!: Free! Starting Days,,
Higurashi no Naku Koro ni,,
Higurashi no Naku Koro ni Kai,,
Hikaru no Go,,
Hikaru no Go: Hokuto Hai e no Michi,,
Hinamatsuri,,
Hirano to Kagiura,,
Hokuto no Ken,,
Hollowness,,
Holo no Graffiti,,
HOLOLIVE ALTERNATIVE Teaser PVs,,
Honzuki no Gekokujou: Shisho ni Naru Tame ni wa Shudan wo Erandeiraremasen,,
Honzuki no Gekokujou: Shisho ni Naru Tame ni wa Shudan wo Erandeiraremasen 2nd Season,,
Honzuki no Gekokujou: Shisho ni Naru Tame ni wa Shudan wo Erandeiraremasen 3rd Season,,
Hoozuki no Reitetsu 2,,
Hoozuki no Reitetsu 2: Part II,,
Hoozuki no Reitetsu OVA,,
Horimiya,,
Horimiya: piece,,
Hoshiai no Sora,,
Hotaru no Haka,,
Hotarubi no Mori e,,
Hourou Musuko,,
Houseki no Kuni,,
Howl no Ugoku Shiro,,
HUGtto! Precure,,
HUGtto! Precure ♡ Futari wa Precure All Stars Memories,,
HUNTER×HUNTER,,
HUNTER×HUNTER (2011),,
HUNTER×HUNTER OVA,,
HUNTER×HUNTER: Greed Island,,
HUNTER×HUNTER: Greed Island Final,,
Hyouge Mono,,
Hyouka,,
I’m Your Treasure Box＊Anata wa Marine Senchou Otakara Bako kara Mitsuketa.,,
ID: INVADED,,
Idol,,
IDOLiSH7,,
IDOLiSH7 Vibrato,,
IDOLiSH7: Second BEAT!,,
IDOLiSH7: Third BEAT!,,
IDOLiSH7: Third BEAT! Part 2,,
Ie Naki Ko,,
Ie Naki Ko Remi,,
Inazuma Eleven,,
Initial D,,
Initial D Fifth Stage,,
Initial D Final Stage,,
Initial D FOURTH STAGE,,
Initial D SECOND STAGE,,
Initial D THIRD STAGE,,
Innocence,,
Inochi no Tabekata,,
Interstella 5555: THE 5TORY OF THE 5ECRET 5TAR 5YSTEM,,
Inu-ou,,
Inuyasha,,
Inuyasha: Kanketsu-hen,,
Inuyasha: Tenka Hadou no Ken,,
Isekai Oji-san,,
Isekai Shokudou 2,,
Jibaku Shounen Hanako-kun,,
Jibaku Shounen Hanako-kun 2,,
Jigoku Shoujo: Futakomori,,
Jigokuraku,,
JIN-ROH,,
Jinrui wa Suitai Shimashita,,
JoJo no Kimyou na Bouken (TV),,
JoJo no Kimyou na Bouken: Diamond wa Kudakenai,,
JoJo no Kimyou na Bouken: Ougon no Kaze,,
JoJo no Kimyou na Bouken: Phantom Blood,,
JoJo no Kimyou na Bouken: Stardust Crusaders,,
JoJo no Kimyou na Bouken: Stardust Crusaders - Egypt-hen,,
JoJo no Kimyou na Bouken: Stone Ocean,,
JoJo no Kimyou na Bouken: Stone Ocean Part 2,,
Jormungand,,
Jormungand: PERFECT ORDER,,
Josee to Tora to Sakanatachi,,
Jujutsu Kaisen,,
Jujutsu Kaisen 0,,
Jujutsu Kaisen 2nd Season,,
Juuni Kokuki,,
K-ON!,,
K-ON! Movie,,
K-ON!: Live House!,,
K-ON!!,,
K-ON!!: Keikaku!,,
Kage no Jitsuryokusha ni Naritakute!,,
Kage no Jitsuryokusha ni Naritakute! 2nd season,,
Kageki Shoujo!!,,
Kaguya-hime no Monogatari,,
Kaguya-sama wa Kokurasetai: First Kiss wa Owaranai,,
Kaguya-sama wa Kokurasetai: Tensaitachi no Renai Zunousen,,
Kaguya-sama wa Kokurasetai: Tensaitachi no Renai Zunousen OVA,,
Kaguya-sama wa Kokurasetai: Ultra Romantic,,
Kaguya-sama wa Kokurasetai: Ultra Romantic 3rd Season Teaser PV - Ishigami Yuu wa Kataritai,,
Kaguya-sama wa Kokurasetai?: Tensaitachi no Renai Zunousen,,
Kaiba,,
Kaichou wa Maid-sama!,,
Kaijuu 8-gou,,
Kakushigoto,,
Kakushigoto: Himegoto wa Nandesuka,,
Kaleido Star,,
Kami nomi zo Shiru Sekai II,,
Kami nomi zo Shiru Sekai: Megami-hen,,
Kamisama Hajimemashita,,
Kamisama Hajimemashita OVA,,
Kamisama Hajimemashita: Kako-hen,,
"Kamisama Hajimemashita: Kamisama, Shiawase ni Naru",,
Kamisama Hajimemashita◎,,
Kamonohashi Ron no Kindan Suiri 2nd Season,,
Kanata no Astra,,
Kanon (2006),,
Kara no Kyoukai: Garan no Dou,,
Kara no Kyoukai: Mirai Fukuin,,
Kara no Kyoukai: Mujun Rasen,,
Kara no Kyoukai: Satsujin Kousatsu (Kou),,
Kara no Kyoukai: Satsujin Kousatsu (Zen),,
Kara no Kyoukai: Tsuukaku Zanryuu,,
Karakai Jouzu no Takagi-san 2,,
Karakai Jouzu no Takagi-san 3,,
Karakai Jouzu no Takagi-san Movie,,
Karasu wa Aruji wo Erabanai,,
Kareshi Kanojo no Jijou,,
Karigurashi no Arrietty,,
Katanagatari,,
Katekyou Hitman REBORN!,,
Kawaki wo Ameku,,
Kaze ga Tsuyoku Fuiteiru,,
Kaze no Tani no Nausicaä,,
Kaze no Yukue,,
Kaze Tachinu,,
Kekkai Sensen & BEYOND,,
Kemono no Souja Erin,,
Kengan Ashura Part 2,,
Kengan Ashura Season 2,,
Kengan Ashura Season 2 Part 2,,
Kenpuu Denki Berserk,,
Kidou Keisatsu Patlabor 2: the Movie,,
Kidou Keisatsu Patlabor ON TELEVISION,,
Kidou Keisatsu Patlabor: NEW OVA,,
Kidou Keisatsu Patlabor: The Movie,,
Kidou Senshi Gundam,,
Kidou Senshi Gundam 00,,
Kidou Senshi Gundam 00 2nd Season,,
Kidou Senshi Gundam 0080: Pocket no Naka no Sensou,,
Kidou Senshi Gundam GQuuuuuuX,,
Kidou Senshi Gundam III: Meguriai Sora-hen,,
Kidou Senshi Gundam Thunderbolt,,
Kidou Senshi Gundam Thunderbolt: December Sky,,
Kidou Senshi Gundam UC,,
Kidou Senshi Gundam: Dai 08 MS Shotai,,
Kidou Senshi Gundam: Gyakushuu no Char,,
Kidou Senshi Gundam: Senkou no Hathaway,,
Kidou Senshi Gundam: Suisei no Majo,,
Kidou Senshi Gundam: Suisei no Majo - PROLOGUE,,
Kidou Senshi Gundam: Suisei no Majo Season 2,,
Kidou Senshi Gundam: Tekketsu no Orphans,,
Kidou Senshi Gundam: Tekketsu no Orphans 2,,
Kidou Senshi Gundam: THE ORIGIN,,
Kidou Senshi Gundam: THE ORIGIN - Zenya Akai Suisei,,
Kidou Senshi Zeta Gundam,,
Kill la Kill,,
Kill la Kill Tokubetsu-hen,,
Kimetsu no Yaiba,,
Kimetsu no Yaiba: Hashira Geiko-hen,,
Kimetsu no Yaiba: Katanakaji no Sato-hen,,
Kimetsu no Yaiba: Mugen Ressha-hen,,
Kimetsu no Yaiba: Mugen Ressha-hen (TV),,
Kimetsu no Yaiba: Yuukaku-hen,,
Kimi ni Todoke,,
Kimi ni Todoke 2ND SEASON,,
Kimi ni Todoke 3RD SEASON,,
Kimi no Iro,,
Kimi no Koto ga Dai Dai Dai Dai Daisuki na 100-nin no Kanojo,,
Kimi no Koto ga Dai Dai Dai Dai Daisuki na 100-nin no Kanojo 2nd Season,,
Kimi no Na wa.,,
Kimi no Suizou wo Tabetai,,
Kimi to Boku. 2,,
"Kimi to, Nami ni Noretara",,
Kimi wa Houkago Insomnia,,
Kimitachi wa Dou Ikiru ka,,
Kindaichi Shounen no Jikenbo (TV),,
Kinen Satsuei,,
Kingdom 2nd Season,,
Kingdom 3rd Season,,
Kingdom 4th Season,,
Kingdom 5th Season,,
Kiniro Mosaic: Thank you!!,,
Kino no Tabi: Nanika wo Suru Tame ni -life goes on.-,,
Kino no Tabi: the Beautiful World,,
Kiseijuu: Sei no Kakuritsu,,
Kishibe Rohan wa Ugokanai,,
Kitarou Tanjou: Gegege no Nazo,,
Kizumonogatari I: Tekketsu-hen,,
Kizumonogatari II: Nekketsu-hen,,
Kizumonogatari III: Reiketsu-hen,,
Kizumonogatari: Koyomi Vamp,,
Kobato.,,
Kobayashi-san Chi no Maidragon,,
Kobayashi-san Chi no Maidragon S,,
Kobayashi-san Chi no Maidragon S: Nippon no Omotenashi (Attend wa Dragon desu),,
"Kobayashi-san Chi no Maidragon: Valentine, Soshite Onsen! (Amari Kitai Shinaide Kudasai)",,
Kodomo no Omocha,,
Koe no Katachi,,
Kokoro Connect,,
Kokoro Connect: Michi Random,,
Kokoro ga Sakebitagatterun da.,,
Kokoro Yohou,,
"Komi-san wa, Komyushou desu.",,
"Komi-san wa, Komyushou desu. 2",,
Kono Kaisha ni Suki na Hito ga Imasu,,
Kono Oto Tomare!,,
Kono Oto Tomare! 2,,
Kono Sekai no (Sara ni Ikutsumono) Katasumi ni,,
Kono Sekai no Katasumi ni,,
Kono Subarashii Sekai ni Shukufuku wo!,,
Kono Subarashii Sekai ni Shukufuku wo! 2,,
Kono Subarashii Sekai ni Shukufuku wo! 2: Kono Subarashii Geijutsu ni Shukufuku wo!,,
Kono Subarashii Sekai ni Shukufuku wo! 3,,
Kono Subarashii Sekai ni Shukufuku wo! Kurenai Densetsu,,
Kono Subarashii Sekai ni Shukufuku wo!: Kono Subarashii Choker ni Shukufuku wo!,,
Kororon,,
Kotarou wa Hitorigurashi,,
Kotonoha no Niwa,,
Koukaku Kidoutai: STAND ALONE COMPLEX,,
Koukaku Kidoutai: STAND ALONE COMPLEX - Solid State Society,,
Koukaku Kidoutai: Stand Alone Complex - The Laughing Man,,
Koukaku Kidoutai: Stand Alone Complex 2nd GIG,,
Koukaku Kidoutai: Stand Alone Complex 2nd GIG - Individual Eleven,,
Koukyoushihen Eureka Seven,,
Koutetsujou no Kabaneri: Unato Kessen,,
Kubikiri Cycle: Aoiro Savant to Zaregotozukai,,
Kubo-san wa Mob wo Yurusanai,,
Kumichou Musume to Sewagakari,,
Kuragehime,,
Kuraku Kuroku,,
Kurenai no Buta,,
Kuroko no Basket,,
Kuroko no Basket 2nd SEASON,,
Kuroko no Basket 3rd SEASON,,
Kuroko no Basket: Last Game,,
Kuroko no Basket: Saikou no Present Desu,,
Kuroko no Basket: Tip Off,,
Kuroshitsuji: Book of Circus,,
Kuroshitsuji: Book of Murder,,
Kuroshitsuji: Book of the Atlantic,,
Kuroshitsuji: Kishuku Gakkou-hen,,
Kuroshitsuji: Midori no Majo-hen,,
Kusuriya no Hitorigoto,,
Kusuriya no Hitorigoto 2nd Season,,
Kuuchuu Buranko,,
Kyou kara Ore wa!!,,
Kyoukai no Kanata: I'LL BE HERE - Mirai-hen,,
Kyousougiga (TV),,
Lagtrain,,
Les Misérables: Shoujo Cosette,,
Let You Down,,
Liang Bu Yi 2,,
Liang Bu Yi 2 Part 2,,
Liang Bu Yi Part 2,,
Little Busters! EX,,
Little Busters!: Refrain,,
Little Witch Academia,,
Little Witch Academia (TV),,
Little Witch Academia: Mahou-jikake no Parade,,
Liz to Aoi Tori,,
Log Horizon,,
Look Back,,
"Loop 7-kaime no Akuyaku Reijou wa, Moto Tekikoku de Jiyuu Kimama na Hanayome Seikatsu wo Mankitsu Suru",,
LOS ANGELES LAKERS x ONE PIECE,,
Love Live! Nijigasaki Gakuen School Idol Doukoukai 2,,
Love Live! Nijigasaki Gakuen School Idol Doukoukai: Kanketsu-hen 1,,
Love Live! School idol project 2nd Season,,
Love Live! Sunshine!! 2nd Season,,
Love Live! Sunshine!! The School Idol Movie: Over the Rainbow,,
Love Live! Superstar!!,,
Love Live! Superstar!! 2nd Season,,
Love Live! Superstar!! 3rd Season,,
Love Live! The School Idol Movie,,
Lovely★Complex,,
Lucky☆Star,,
Lucky☆Star OVA,,
Luo Xiaohei Zhan Ji (Movie),,
Lupin III vs Meitantei Conan,,
Lupin III vs. Meitantei Conan: THE MOVIE,,
Lupin III: Cagliostro no Shiro,,
Lupin III: PART 5,,
Lupin III: Part II,,
Lupin III: PART IV,,
Lupin III: THE FIRST,,
LUPIN THE IIIRD: Chikemuri no Ishikawa Goemon,,
LUPIN THE IIIRD: Jigen Daisuke no Bohyou,,
LUPIN the Third: Mine Fujiko to Iu Onna,,
Lycoris Recoil,,
Machikado Mazoku,,
Machikado Mazoku: 2-Choume,,
Macross Frontier,,
Macross Frontier: Itsuwari no Utahime,,
Macross Frontier: Sayonara no Tsubasa,,
Macross Δ: Zettai LIVE!!!!!!,,
Made in Abyss,,
Made in Abyss: Fukaki Tamashii no Reimei,,
Made in Abyss: Hourou Suru Tasogare,,
Made in Abyss: Retsujitsu no Ougonkyou,,
Made in Abyss: Tabidachi no Yoake,,
Magi: Sinbad no Bouken,,
Magi: Sinbad no Bouken OVA,,
Magi: The kingdom of magic,,
Magi: The labyrinth of magic,,
Magic Kaito,,
Magic Kaito 1412,,
Mahou Shoujo Lyrical Nanoha A's,,
Mahou Shoujo Lyrical Nanoha: The MOVIE 1st,,
Mahou Shoujo Lyrical Nanoha: The MOVIE 2nd A's,,
Mahou Shoujo Madoka☆Magica,,
Mahou Shoujo Madoka☆Magica: Eien no Monogatari,,
Mahou Shoujo Madoka☆Magica: Hajimari no Monogatari,,
Mahou Shoujo Madoka☆Magica: Hangyaku no Monogatari,,
Mahoujin Guru Guru (2017),,
Mahouka Koukou no Rettousei: Tsuioku-hen,,
Mahoutsukai no Yome,,
Mahoutsukai no Yome SEASON 2,,
Mahoutsukai no Yome SEASON 2 Part 2,,
Mahoutsukai no Yome: Hoshi Matsu Hito,,
Mahoutsukai no Yome: Nishi no Shounen to Seiran no Kishi,,
Mairimashita! Iruma-kun,,
Mairimashita! Iruma-kun 2,,
Mairimashita! Iruma-kun 3,,
Maison Ikkoku,,
Majo Minarai wo Sagashite,,
Majo no Takkyuubin,,
Major S1,,
Major S2,,
Major S3,,
Major S4,,
Major S5,,
Major S6,,
Major: Message,,
Major: World Series,,
Major: Yuujou no Ikkyuu,,
Make Heroine ga Oosugiru!,,
Maou-jou de Oyasumi,,
Maria-sama ga Miteru 3rd Season OVA,,
Maria-sama ga Miteru 4th Season,,
MASHLE,,
MASHLE: Kami Shinkakusha Kouho Senbatsu Shiken-hen,,
MASTER Keaton (OVA),,
Mawaru Penguindrum,,
Medalist,,
Megalo Box,,
Meitantei Conan,,
Meitantei Conan: 10 Nengo no Stranger,,
Meitantei Conan: 100-man Dol no Michishirube,,
Meitantei Conan: 11 Nin-me no Striker,,
Meitantei Conan: Baker Street no Bourei,,
Meitantei Conan: Chinmoku no Quarter,,
Meitantei Conan: Edogawa Conan Shissou Jiken - Shijou Saiaku no Futsukakan,,
Meitantei Conan: Ginyoku no Magician,,
Meitantei Conan: Gouka no Himawari,,
Meitantei Conan: Halloween no Hanayome,,
Meitantei Conan: Hiiro no Dangan,,
Meitantei Conan: Hitomi no Naka no Ansatsusha,,
Meitantei Conan: Ijigen no Sniper,,
Meitantei Conan: Junkoku no Nightmare,,
Meitantei Conan: Juuyonbanme no Target,,
Meitantei Conan: Kara Kurenai Love Letter,,
Meitantei Conan: Konjou no Fist,,
Meitantei Conan: Kurogane no Submarine,,
Meitantei Conan: Meikyuu no Crossroad,,
Meitantei Conan: Seikimatsu no Majutsushi,,
Meitantei Conan: Senritsu no Gakufu (Full Score),,
Meitantei Conan: Shikkoku no Chaser,,
Meitantei Conan: Suihei Senjou no Sutoratejii,,
Meitantei Conan: Tantei-tachi no Requiem,,
Meitantei Conan: Tengoku e no Count Down,,
Meitantei Conan: Tenkuu no Lost Ship,,
Meitantei Conan: Tokei Jikake no Matenrou,,
Meitantei Conan: Zero no Shikkounin,,
MEMORIES,,
MF Ghost 2nd Season,,
Michiko to Hatchin,,
Migi to Dali,,
MILGRAM,,
MILGRAM Second Season,,
Mimi wo Sumaseba,,
Mind Game,,
Mirai Shounen Conan,,
Mob Psycho 100,,
Mob Psycho 100 II,,
Mob Psycho 100 III,,
Mob Psycho 100: Daiikkai Rei toka Soudansho Ian Ryokou - Kokoro Mitasu Iyashi no Tabi,,
Modao Zushi,,
Modao Zushi 2,,
Modao Zushi 3,,
Modao Zushi Q,,
Monogatari Series: Off & Monster Season,,
Monogatari Series: Off & Monster Season - Zankoku Douwa: Utsukushi-hime,,
Monogatari Series: Second Season,,
Mononoke,,
Mononoke-hime,,
Mononoke: Karakasa,,
MONSTER,,
MONSTERS: Ippaku Sanjou Hiryuu Jigoku,,
Motto! Ojamajo Doremi,,
Mousou Dairinin,,
Musekinin Kanchou Tylor,,
Mushishi,,
Mushishi Tokubetsu-hen: Suzu no Shizuku,,
Mushishi Zoku Shou,,
Mushishi Zoku Shou 2,,
Mushishi Zoku Shou: Odoro no Michi,,
Mushishi: Hihamukage,,
Mushoku Tensei II: Isekai Ittara Honki Dasu,,
Mushoku Tensei II: Isekai Ittara Honki Dasu Part 2,,
Mushoku Tensei: Isekai Ittara Honki Dasu,,
Mushoku Tensei: Isekai Ittara Honki Dasu Part 2,,
Mushoku Tensei: Isekai Ittara Honki Dasu Part 2 - Eris no Goblin Toubatsu,,
Nagi no Asukara,,
NANA,,
NARUTO,,
NARUTO: Shippuuden,,
"Natsu e no Tunnel, Sayonara no Deguchi",,
Natsume Yuujinchou,,
Natsume Yuujinchou Go,,
Natsume Yuujinchou Go Specials,,
Natsume Yuujinchou Roku,,
Natsume Yuujinchou Roku Specials,,
Natsume Yuujinchou San,,
Natsume Yuujinchou Shi,,
Natsume Yuujinchou Shichi,,
Natsume Yuujinchou: Ishi Okoshi to Ayashiki Raihousha,,
Natsume Yuujinchou: Itsuka Yuki no Hi ni,,
Natsume Yuujinchou: Utsusemi ni Musubu,,
Neko no Ongaeshi,,
Nekomonogatari (Kuro),,
NEW GAME!!,,
New Initial D Movie: Legend 1 - Kakusei,,
New Initial D Movie: Legend 2 - Dokusou,,
New Initial D Movie: Legend 3 - Mugen,,
Nezha: Zhi Mo Tong Nao Hai,,
NHK ni Youkoso!,,
Nichijou,,
Niehime to Kemono no Ou,,
NieR:Automata Ver1.1a 2nd Season,,
Nige Jouzu no Wakagimi,,
Nisemonogatari,,
No Game No Life,,
No Game No Life Zero,,
Nodame Cantabile,,
Nodame Cantabile Finale,,
Nodame Cantabile Finale Special,,
Nodame Cantabile: Paris-hen,,
NOMAD: Megalo Box 2,,
Non Non Biyori,,
Non Non Biyori: Nonstop,,
Non Non Biyori: Nonstop - Bukatsu wo Ganbatta,,
Non Non Biyori: Okinawa e Ikukoto ni Natta,,
Non Non Biyori: Repeat,,
Non Non Biyori: Repeat - Hotaru ga Tanoshinda,,
Non Non Biyori: Vacation,,
Noragami,,
Noragami ARAGOTO,,
Noragami ARAGOTO OVA,,
Nurarihyon no Mago: Sennen Makyou,,
Obenkyou Shitoiteyo,,
Odd Taxi,,
Ojamajo Doremi 1620's,,
Ojamajo Doremi Dokkaan!,,
Ojamajo Doremi Na-i-sho,,
Ojamajo Doremi Sharp,,
Oki ni Mesu mama,,
Omae Umasou da na,,
Omoide no Marnie,,
ONE,,
One Outs,,
ONE PIECE,,
ONE PIECE FAN LETTER,,
ONE PIECE FILM: GOLD,,
ONE PIECE FILM: RED,,
ONE PIECE FILM: STRONG WORLD,,
ONE PIECE FILM: STRONG WORLD - EPISODE:0,,
ONE PIECE FILM: Z,,
ONE PIECE STAMPEDE,,
ONE PIECE THE MOVIE: Omatsuri Danshaku to Himitsu no Shima,,
ONE PIECE: Episode of East Blue - Luffy to 4-nin no Nakama no Daibouken,,
ONE PIECE: Episode of Merry - Mou Hitori no Nakama no Monogatari,,
ONE PIECE: Episode of Nami - Koukaishi no Namida to Nakama no Kizuna,,
ONE PIECE: Gyojin Tou-hen,,
One Punch Man,,
One Punch Man OVA,,
One Punch Man: Road to Hero,,
Ongaku,,
Onii-chan wa Oshimai!,,
Onii-sama e...,,
Ookami Kodomo no Ame to Yuki,,
Ookami to Koushinryou,,
Ookami to Koushinryou II,,
Ookami to Koushinryou II: Ookami to Kohakuiro no Yuuutsu,,
Ookami to Koushinryou: MERCHANT MEETS THE WISE WOLF,,
Ookiku Furikabutte,,
Ookiku Furikabutte: Natsu no Taikai-hen,,
Oomuro-ke: dear friends,,
Oomuro-ke: dear sisters,,
Ore dake Level Up na Ken,,
Ore dake Level Up na Ken: ReAwakening,,
Ore dake Level Up na Ken: Season 2 - Arise from the Shadow,,
Ore Monogatari!!,,
Osomatsu-san,,
Osomatsu-san The Movie,,
Otonari no Tenshi-sama ni Itsunomanika Dame Ningen ni Sareteita Ken,,
Ouran Koukou Host Club,,
Ousama Ranking,,
Overlord,,
Overlord II,,
Overlord III,,
Overlord IV,,
Overlord: Sei Oukoku-hen,,
Owarimonogatari,,
Owarimonogatari (Ge),,
Oz.,,
Panty & Stocking with Garterbelt,,
Paprika,,
Paradise Kiss,,
Paripi Koumei,,
PERFECT BLUE,,
PERSONA 3 THE MOVIE: #4 Winter of Rebirth,,
Phantom: Requiem for the Phantom,,
Ping Pong THE ANIMATION,,
planetarian: Hoshi no Hito,,
Planetes,,
Plastic Memories,,
PLUTO,,
Pocket Monsters XY&Z,,
Pokémon Concierge,,
Precure All Stars F,,
Pretty Rhythm: Rainbow Live,,
Princess Connect! Re:Dive Season 2,,
Princess Principal,,
Princess Principal: Crown Handler - Chapter 1,,
Princess Principal: Crown Handler - Chapter 2,,
Princess Principal: Crown Handler - Chapter 3,,
Princess Tutu,,
PriPara 2nd Season,,
PriPara 3rd Season,,
Project Sekai: Kowareta SEKAI to Utaenai MIKU,,
Promare,,
PSYCHO-PASS,,
PSYCHO-PASS 3: FIRST INSPECTOR,,
PSYCHO-PASS Movie,,
PSYCHO-PASS PROVIDENCE,,
PSYCHO-PASS Sinners of the System Case 3: Onshuu no Kanata ni ____,,
PUI PUI Molcar,,
PUPARIA,,
Quanzhi Gaoshou,,
Quanzhi Gaoshou 2,,
Quanzhi Gaoshou Specials,,
Quanzhi Gaoshou: Dianfeng Rongyao,,
R.O.D -THE TV-,,
RAINBOW: Nisha Rokubou no Shichinin,,
raison d'etre,,
Ramayana: Rama Ouji Densetsu,,
Ranma 1/2,,
Ranma 1/2 (2024),,
Ranma 1/2: Nettou-hen,,
Re:Zero kara Hajimeru Isekai Seikatsu,,
Re:Zero kara Hajimeru Isekai Seikatsu 2nd Season,,
Re:Zero kara Hajimeru Isekai Seikatsu 2nd Season Part 2,,
Re:Zero kara Hajimeru Isekai Seikatsu 3rd Season,,
Re:Zero kara Hajimeru Isekai Seikatsu OVAs,,
REDLINE,,
ReLIFE,,
ReLIFE: Kanketsu-hen,,
Rising Impact,,
Rising Impact Season 2,,
ROAD OF NARUTO,,
Romantic Killer,,
Romeo no Aoi Sora,,
Rurouni Kenshin: Meiji Kenkaku Romantan,,
Rurouni Kenshin: Meiji Kenkaku Romantan - Kyoto Douran,,
Rurouni Kenshin: Meiji Kenkaku Romantan - Seisou-hen,,
Rurouni Kenshin: Meiji Kenkaku Romantan - Tsuioku-hen,,
Rurouni Kenshin: Meiji Kenkaku Romantan (2023),,
Saenai Heroine no Sodatekata ♭,,
Saenai Heroine no Sodatekata Fine,,
Saiki Kusuo no Ψ-nan,,
Saiki Kusuo no Ψ-nan 2,,
Saiki Kusuo no Ψ-nan: Kanketsu-hen,,
Saiki Kusuo no Ψ-nan: Ψ-shidou-hen,,
Saikyou no Shien-shoku [Wajutsushi] Dearu Ore wa Sekai Saikyou Clan wo Shitagaeru,,
Saint Seiya: Meiou Hades Juuni Kyuu-hen,,
Saint Seiya: THE LOST CANVAS - Meiou Shinwa,,
Saint Seiya: THE LOST CANVAS - Meiou Shinwa 2,,
Saint☆Onii-san,,
Saiunkoku Monogatari 2nd Season,,
Sakamichi no Apollon,,
SAKAMOTO DAYS,,
Sakasama no Patema,,
Sakigake!! Cromartie Koukou,,
Sakurasou no Pet na Kanojo,,
Samurai Champloo,,
Saraiya Goyou,,
Sasaki to Miyano,,
Sasaki to Miyano: Koi ni Kizuku Mae no Chottoshita Hanashi.,,
Sasaki to Miyano: Sotsugyou-hen,,
Sayonara no Asa ni Yakusoku no Hana wo Kazarou,,
Sayonara Zetsubou Sensei,,
School Rumble,,
School Rumble Ni Gakki,,
Scott Pilgrim Takes Off,,
Seikai no Senki II,,
Seirei no Moribito,,
Seishun Buta Yarou wa Bunny Girl Senpai no Yume wo Minai,,
Seishun Buta Yarou wa Odekake Sister no Yume wo Minai,,
Seishun Buta Yarou wa Randoseru Girl no Yume wo Minai,,
Seishun Buta Yarou wa Yumemiru Shoujo no Yume wo Minai,,
Seitokai Yakuindomo Movie,,
Seitokai Yakuindomo Movie 2,,
Seitokai Yakuindomo OVA,,
Seitokai Yakuindomo＊,,
Seitokai Yakuindomo＊ OVA,,
Sekai no Tsuzuki,,
Sekaiichi Hatsukoi Movie: Yokozawa Takafumi no Baai,,
Sen to Chihiro no Kamikakushi,,
Senki Zesshou Symphogear AXZ,,
Senki Zesshou Symphogear XV,,
Sennen Joyuu,,
Senpai ga Uzai Kouhai no Hanashi,,
serial experiments lain,,
Seto no Hanayome OVA,,
Shadows House,,
Shadows House 2nd Season,,
Shangri-La Frontier,,
Shangri-La Frontier 2nd Season,,
Shanhe Jian Xin,,
Shelter,,
Shen Yin Wangzuo,,
Shen Yin Wangzuo 2,,
Shigatsu wa Kimi no Uso,,
Shiguang Dailiren,,
Shiguang Dailiren II,,
Shiguang Dailiren Special,,
Shiguang Dailiren: Yingdu Pian,,
Shijou Saikyou no Deshi Kenichi,,
Shijou Saikyou no Deshi Kenichi OVA,,
Shiki,,
Shiki Specials,,
Shin Evangelion Movie:||,,
Shin Jidai,,
Shin Seiki Evangelion,,
"Shin Seiki Evangelion Movie: Air / Magokoro wo, Kimi ni",,
Shingeki no Kyojin,,
Shingeki no Kyojin 2,,
Shingeki no Kyojin 3,,
Shingeki no Kyojin 3 Part 2,,
Shingeki no Kyojin Gaiden: Kuinaki Sentaku,,
Shingeki no Kyojin Kouhen: Jiyuu no Tsubasa,,
Shingeki no Kyojin OVA,,
Shingeki no Kyojin Season 2: Kakusei no Houkou,,
Shingeki no Kyojin Zenpen: Guren no Yumiya,,
Shingeki no Kyojin: Chimi Kyara Gekijou - Final,,
Shingeki no Kyojin: Chimi Kyara Gekijou - Rivai-han Part 2,,
Shingeki no Kyojin: Chronicle,,
Shingeki no Kyojin: LOST GIRLS,,
Shingeki no Kyojin: The Final Season,,
Shingeki no Kyojin: The Final Season - Kanketsu-hen Kouhen,,
Shingeki no Kyojin: The Final Season - Kanketsu-hen Zenpen,,
Shingeki no Kyojin: The Final Season Part 2,,
Shinigami Bocchan to Kuro Maid 2nd Season,,
Shinigami Bocchan to Kuro Maid 3rd Season,,
SHINKIRO,,
Shinsekai yori,,
SHIROBAKO,,
SHIROBAKO Movie,,
Shokugeki no Souma,,
Shokugeki no Souma: Ni no Sara,,
Shokugeki no Souma: San no Sara,,
Shokugeki no Souma: San no Sara - Tootsuki Ressha-hen,,
Shokugeki no Souma: Shin no Sara,,
Shoujo Kakumei Utena,,
Shoujo Kakumei Utena: Adolescence Mokushiroku,,
Shoujo Shuumatsu Ryokou,,
Shoujo☆Kageki Revue Starlight,,
Shoujo☆Kageki Revue Starlight Movie,,
Shoujo☆Kageki Revue Starlight: Rondo Rondo Rondo,,
Shouwa Genroku Rakugo Shinjuu,,
Shouwa Genroku Rakugo Shinjuu: Sukeroku Futatabi-hen,,
Shukufuku,,
Shukusei!! Loli Kami Requiem ☆,,
Shuumatsu Nani Shitemasu ka? Isogashii desu ka? Sukutte Moratte Ii desu ka?,,
Shuumatsu no Valkyrie II,,
Shuumatsu no Valkyrie II Part 2,,
Sidonia no Kishi: Daikyuu Wakusei Seneki,,
SK∞,,
SK∞ Extra Part,,
SKET DANCE,,
SKET DANCE: Imouto no Nayami ni Nayamu Ani ni Nayamu Imouto to Sono Nakama-tachi,,
Skip Beat!,,
Skip to Loafer,,
SLAM DUNK,,
Slayers NEXT,,
Slayers TRY,,
Snow Halation,,
Somali to Mori no Kamisama,,
Sonny Boy,,
Sono Bisque Doll wa Koi wo Suru,,
Sora yori mo Tooi Basho,,
Soukou Kihei Votoms,,
Soul Eater,,
Sousou no Frieren,,
Space☆Dandy,,
Space☆Dandy 2,,
SPY×FAMILY,,
SPY×FAMILY CODE: White,,
SPY×FAMILY Part 2,,
SPY×FAMILY Season 2,,
STAND BY ME Doraemon,,
STAND BY ME Doraemon 2,,
Star☆Twinkle Precure,,
Star☆Twinkle Precure: Hoshi no Uta ni Omoi wo Komete,,
Steins;Gate,,
Steins;Gate 0,,
Steins;Gate: Fuka Ryouiki no Déjà vu,,
Steins;Gate: Kyoukaimenjou no Missing Link - Divide By Zero,,
Steins;Gate: Oukoubakko no Poriomania,,
Stranger: Mukou Hadan,,
Sugar Apple Fairy Tale Part 2,,
Summer Ghost,,
Summer Time Render,,
Summer Wars,,
Suzume no Tojimari,,
Suzumiya Haruhi no Shoushitsu,,
Suzumiya Haruhi no Yuuutsu,,
Sword Art Online: Alicization,,
Sword Art Online: Alicization - War of Underworld,,
Sword Art Online: Progressive - Hoshinaki Yoru no Aria,,
Sword Art Online: Progressive - Kuraki Yuuyami no Scherzo,,
Taishou Otome Otogibanashi,,
Takarajima,,
Tamako Love Story,,
Tamayura: More Aggressive,,
Tamayura: Sotsugyou Shashin Part 1 - Kizashi,,
Tamayura: Sotsugyou Shashin Part 2 - Hibiki,,
Tamayura: Sotsugyou Shashin Part 3 - Akogare,,
Tamayura: Sotsugyou Shashin Part 4 - Ashita,,
Tanaka-kun wa Itsumo Kedaruge,,
Tanoshii Moomin Ikka,,
Tasogare Otome x Amnesia,,
Tate no Yuusha no Nariagari,,
Tekkon Kinkreet,,
Tengen Toppa Gurren Lagann,,
Tengen Toppa Gurren Lagann: Gurren-hen,,
Tengen Toppa Gurren Lagann: Lagann-hen,,
Tengoku Daimakyou,,
Tenki no Ko,,
Tenkuu no Shiro Laputa,,
Tennis no Ouji-sama,,
Tennis no Ouji-sama: Zenkoku Taikai-hen,,
Tennis no Ouji-sama: Zenkoku Taikai-hen Final,,
Tennis no Ouji-sama: Zenkoku Taikai-hen Semifinal,,
Tensei Oujo to Tensai Reijou no Mahou Kakumei,,
Tensei Shitara Slime Datta Ken,,
Tensei Shitara Slime Datta Ken 2nd Season,,
Tensei Shitara Slime Datta Ken 2nd Season Part 2,,
Tensei Shitara Slime Datta Ken 3rd Season,,
Tensei Shitara Slime Datta Ken: Coleus no Yume,,
Tensei Shitara Slime Datta Ken: Guren no Kizuna-hen,,
Tenshi no Tamago,,
Terra e... (TV),,
Tetsuwan Birdy DECODE:02,,
TEXHNOLYZE,,
The Fable,,
THE FIRST SLAM DUNK,,
THE IDEON: Hatsudou-hen,,
THE IDOLM@STER,,
THE iDOLM@STER Cinderella Girls: U149,,
THE IDOLM@STER MOVIE: Kagayaki no Mukougawa e!,,
THE LAST: NARUTO THE MOVIE,,
Thunderbolt Fantasy: Seishi Ikken,,
Thunderbolt Fantasy: Seiyuu Genka,,
Thunderbolt Fantasy: Touriken Yuuki,,
Thunderbolt Fantasy: Touriken Yuuki 2,,
Thunderbolt Fantasy: Touriken Yuuki 3,,
Tian Guan Ci Fu,,
Tian Guan Ci Fu 2,,
Tian Guan Ci Fu Short Film,,
Tian Guan Ci Fu Special,,
TIGER & BUNNY,,
TIGER & BUNNY 2 Part 2,,
TIGER & BUNNY: The Rising,,
Toaru Kagaku no Railgun,,
Toaru Kagaku no Railgun S,,
Toaru Kagaku no Railgun T,,
Toki wo Kakeru Shoujo,,
Tokidoki Bosotto Russiago de Dereru Tonari no Alya-san,,
Tokubetsu-hen Hibike! Euphonium: Ensemble Contest,,
Tokyo Ghetto,,
Tokyo Ghoul,,
Tokyo Godfathers,,
Tokyo Magnitude 8.0,,
Tokyo Revengers,,
Tokyo Revengers: Seiya Kessen-hen,,
Tokyo Revengers: Tenjiku-hen,,
Tomo-chan wa Onnanoko!,,
Tomodachi Game,,
Tonari no Totoro,,
Tondemo Skill de Isekai Hourou Meshi,,
Tongling Fei,,
Tonikaku Kawaii,,
Tonikaku Kawaii Season 2,,
Tonikaku Kawaii: Joshikou-hen,,
Tonikaku Kawaii: Seifuku,,
Tonikaku Kawaii: SNS,,
Top wo Nerae! GunBuster,,
Toradora!,,
Toshokan Sensou: Kakumei no Tsubasa,,
Tot Musica,,
Totsukuni no Shoujo (2022),,
Touch,,
Touhai Densetsu Akagi: Yami ni Maiorita Tensai,,
TRIGUN,,
TRIGUN STAMPEDE,,
TRIGUN: Badlands Rumble,,
Tsubasa: Shunraiki,,
Tsubasa: TOKYO REVELATIONS,,
Tsue to Tsurugi no Wistoria,,
Tsuki ga Kirei,,
Tsuki ga Michibiku Isekai Douchuu,,
Tsuki ga Michibiku Isekai Douchuu 2nd Season,,
Tsukimonogatari,,
Tsumiki no Ie,,
Tsurune: Kazemai Koukou Kyuudou-bu,,
Tsurune: Tsunagari no Issha,,
Tu Bian Yingxiong X,,
Tunshi Xingkong,,
Tunshi Xingkong 2,,
Tunshi Xingkong 3,,
Tunshi Xingkong 4,,
Uchouten Kazoku,,
Uchouten Kazoku 2,,
Uchuu Kyoudai,,
Uchuu Senkan Yamato 2199,,
Udon no Kuni no Kiniro Kemari,,
Uma Musume: Cinderella Gray,,
Uma Musume: Pretty Derby - ROAD TO THE TOP,,
Uma Musume: Pretty Derby - Shin Jidai no Tobira,,
Uma Musume: Pretty Derby Season 2,,
Uma Musume: Pretty Derby Season 3,,
Umibe no Étranger,,
UNDEAD,,
Undead Girl Murder Farce,,
Undead Unluck,,
Uramichi Oniisan,,
Urusei Yatsura (2022) 2nd Season,,
Urusei Yatsura 2: Beautiful Dreamer,,
Usagi Drop,,
Usagi Drop Specials,,
Ushio to Tora 2 (TV),,
Utakata Lullaby,,
Vampire Hunter D (2000),,
Vanitas no Carte,,
Vanitas no Carte Part 2,,
veil,,
Versailles no Bara,,
VINLAND SAGA,,
VINLAND SAGA SEASON 2,,
VINLAND SAGA SEASON 2: Drowning in the Shadow,,
Violet Evergarden,,
Violet Evergarden CM,,
Violet Evergarden Gaiden: Eien to Jidou Shuki Ningyou,,
Violet Evergarden Movie,,
Vivy: Fluorite Eye’s Song,,
VOY@GER,,
Wan Sheng Jie,,
Wan Sheng Jie 2,,
Wan Sheng Jie 3,,
Wan Sheng Jie 4,,
Watashi no Shiawase na Katachi,,
Watashi no Shiawase na Kekkon,,
Watashi no Shiawase na Kekkon 2nd Season,,
WIND BREAKER,,
WIND BREAKER Season 2,,
Wolf's Rain OVA,,
Wonderful Precure!,,
WORKING!!!,,
WORKING!!!: Lord of the Takanashi,,
WORKING'!!,,
World Trigger 2nd Season,,
World Trigger 3rd Season,,
Wotaku ni Koi wa Muzukashii,,
Wotaku ni Koi wa Muzukashii OVA,,
Wu Dong Qiankun 3,,
Wu Liuqi: Anying Suming,,
Wu Liuqi: Jiji Sui Pian,,
Wu Liuqi: Xuanwu Guo Pian,,
Wu Liuqi: Zui Qiang Faxingshi,,
Wu Shan Wu Xing: Xi Chuan Huan Zi Lin,,
Wu Shan Wu Xing: Zhuo Yuan Shen Huo,,
Xian Ni,,
Xian Wang De Richang Shenghuo 4,,
xxxHOLiC,,
xxxHOLiC Rou,,
xxxHOLiC Shunmuki,,
xxxHOLiC: Manatsu no Yoru no Yume,,
xxxHOLiC◆Kei,,
Yagate Kimi ni Naru,,
Yahari Ore no Seishun Love Come wa Machigatteiru.,,
Yahari Ore no Seishun Love Come wa Machigatteiru. Kan,,
"Yahari Ore no Seishun Love Come wa Machigatteiru. Kan: Dakara, Shishunki wa Owarazu ni, Seishun wa Tsuzuiteiku.",,
Yahari Ore no Seishun Love Come wa Machigatteiru. Zoku,,
"Yahari Ore no Seishun Love Come wa Machigatteiru. Zoku: Kitto, Onnanoko wa Osatou to Spice to Suteki na Nanika de Dekiteiru",,
Yakitate!! Japan,,
Yakusoku no Neverland,,
Yama no Susume: Next Summit,,
Yama no Susume: Second Season,,
Yama no Susume: Third Season,,
Yamada-kun to Lv999 no Koi wo Suru,,
Yi Nian Yongheng,,
Yi Nian Yongheng: Chuancheng Pian,,
Yi Nian Yongheng: Hezong Pian,,
Yi Nian Yongheng: Ni Zhan Pian,,
Yofukashi no Uta,,
Yojouhan Shinwa Taikei,,
Yojouhan Time Machine Blues,,
Yoru ni Kakeru,,
Yoru no Kurage wa Oyogenai,,
Yoru wa Mijikashi Arukeyo Otome,,
Youjo Senki,,
Youjo Senki Movie,,
Youkoso Jitsuryoku Shijou Shugi no Kyoushitsu e,,
Youkoso Jitsuryoku Shijou Shugi no Kyoushitsu e 2nd Season,,
Youkoso Jitsuryoku Shijou Shugi no Kyoushitsu e 3rd Season,,
Yowamushi Pedal,,
Yowamushi Pedal: GRANDE ROAD,,
Yuanshen: Jinzhong Ge,,
Yubisaki to Renren,,
Yumeiro Pâtissière,,
Yuri Plisetsky GPF in Barcelona EX “Welcome to The Madness”,,
Yuru Camp△,,
Yuru Camp△ Movie,,
Yuru Camp△ SEASON 2,,
Yuru Camp△ SEASON 3,,
Yuru Camp△ SEASON 3 OVA,,
Yuru Yuri Nachuyachumi!,,
Yuru Yuri Nachuyachumi!+,,
Yuru Yuri San☆Hai!,,
"Yuru Yuri,",,
Yuru Yuri♪♪,,
Yuu☆Yuu☆Hakusho,,
Yuuki Bakuhatsu Bang Bravern,,
Yuuki Yuuna wa Yuusha de Aru: Washio Sumi no Shou,,
Yuuki Yuuna wa Yuusha de Aru: Washio Sumi no Shou 2 - Tamashii,,
Yuuki Yuuna wa Yuusha de Aru: Washio Sumi no Shou 3 - Yakusoku,,
Yuuki Yuuna wa Yuusha de Aru: Yuusha no Shou,,
Yuukoku no Moriarty,,
Yuukoku no Moriarty OVA,,
Yuukoku no Moriarty Part 2,,
Yuureisen-sen,,
Yuuri!!! on ICE,,
Yuuri!!! on ICE The Movie: ICE ADOLESCENCE,,
Yuuseiboushi,,
Yuusha,,
Yuusha-Ou GaoGaiGar,,
Yuusha-Ou GaoGaiGar FINAL,,
Yuzuki-san Chi no Yon Kyoudai.,,
Zan Sayonara Zetsubou Sensei,,
Zan Sayonara Zetsubou Sensei Bangaichi,,
Zankyou no Terror,,
Zetsuen no Tempest,,
Zoku Natsume Yuujinchou,,
Zoku Owarimonogatari,,
Zoku Sayonara Zetsubou Sensei,,
Zom 100: Zombie ni Naru Made ni Shitai 100 no Koto,,
Zombie Land Saga: Revenge,,